City_ID,City,Country,Date,Lat,Lng,Max Temp,Humidity,Cloudiness,Wind Speed
0,Pevek,RU,10/19/22 21:30,69.7008,170.3133,28.54,96,100,5.19
1,Teahupoo,PF,10/19/22 21:30,-17.8333,-149.2667,76.96,80,13,12.84
2,Altay,CN,10/19/22 21:30,47.8667,88.1167,33.62,59,100,3.09
3,Matagami,CA,10/19/22 21:30,49.7502,-77.6328,41.11,87,100,2.3
4,Newbury,GB,10/19/22 21:30,51.4003,-1.3206,60.35,92,100,12.93
5,Saint-Philippe,RE,10/19/22 21:30,-21.3585,55.7679,67.59,73,35,8.16
6,Punta Arenas,CL,10/19/22 21:30,-53.15,-70.9167,42.91,75,75,26.46
7,Havre-Saint-Pierre,CA,10/19/22 21:30,50.2334,-63.5986,52.16,100,100,21.85
8,Rikitea,PF,10/19/22 21:30,-23.1203,-134.9692,70,72,99,18.48
9,Ushuaia,AR,10/19/22 21:30,-54.8,-68.3,40.66,87,75,24.16
10,Los Llanos De Aridane,ES,10/19/22 21:30,28.6585,-17.9182,67.75,80,100,5.75
11,Albany,US,10/19/22 21:29,42.6001,-73.9662,48.61,59,97,9.62
12,Sao Joao Da Barra,BR,10/19/22 21:30,-21.6403,-41.0511,77.09,84,87,21.72
13,Port Elizabeth,ZA,10/19/22 21:30,-33.918,25.5701,77.09,82,20,4.61
14,Mataura,NZ,10/19/22 21:30,-46.1927,168.8643,53.31,51,58,10.8
15,Qaanaaq,GL,10/19/22 21:30,77.484,-69.3632,-0.45,68,0,10.38
16,Bredasdorp,ZA,10/19/22 21:30,-34.5322,20.0403,61.23,85,94,10.6
17,San Quintin,MX,10/19/22 21:30,30.4833,-115.95,77.85,51,96,9.55
18,Pacific Grove,US,10/19/22 21:30,36.6177,-121.9166,93.65,21,0,4.61
19,Pudozh,RU,10/19/22 21:30,61.8099,36.5345,37.94,82,99,7.14
20,Amahai,ID,10/19/22 21:30,-3.3333,128.9167,79.74,84,95,3.04
21,Lafia,NG,10/19/22 21:30,8.4833,8.5167,77.92,76,67,2.19
22,Jamestown,US,10/19/22 21:30,42.097,-79.2353,40.01,78,100,17.27
23,Tuktoyaktuk,CA,10/19/22 21:30,69.4541,-133.0374,26.6,86,75,5.75
24,East London,ZA,10/19/22 21:30,-33.0153,27.9116,74.01,86,67,11.59
25,Fortuna,US,10/19/22 21:30,40.5982,-124.1573,60.98,66,1,6.64
26,Boueni,YT,10/19/22 21:30,-12.9025,45.0761,73.38,74,16,7.58
27,Carnarvon,AU,10/19/22 21:30,-24.8667,113.6333,65.05,85,5,10.47
28,Hermanus,ZA,10/19/22 21:30,-34.4187,19.2345,62.8,92,95,13.27
29,Busselton,AU,10/19/22 21:30,-33.65,115.3333,57.61,85,96,6.93
30,Hobart,AU,10/19/22 21:25,-42.8794,147.3294,54.91,75,20,5.75
31,Bluff,NZ,10/19/22 21:30,-46.6,168.3333,50.29,69,93,27.25
32,Mar Del Plata,AR,10/19/22 21:30,-38.0023,-57.5575,64.09,96,75,18.01
33,Saldanha,ZA,10/19/22 21:30,-33.0117,17.9442,62.65,90,73,10.49
34,Kamaishi,JP,10/19/22 21:30,39.2667,141.8833,51.08,65,2,7.07
35,High Prairie,CA,10/19/22 21:28,55.4334,-116.4858,68.88,29,76,12.5
36,Pisco,PE,10/19/22 21:30,-13.7,-76.2167,66.25,68,0,13.8
37,Bathsheba,BB,10/19/22 21:30,13.2167,-59.5167,83.01,83,20,12.66
38,Aksarka,RU,10/19/22 21:30,66.5606,67.7975,36.57,88,100,13.87
39,Farmington,US,10/19/22 21:28,36.7281,-108.2187,73.2,29,0,8.05
40,Makarov,RU,10/19/22 21:30,48.6333,142.8,42.73,66,97,7.85
41,Kozmodemyansk,RU,10/19/22 21:30,56.3367,46.5711,41.22,87,98,2.44
42,Provideniya,RU,10/19/22 21:30,64.3833,-173.3,33.91,100,100,22.37
43,Vao,NC,10/19/22 21:30,-22.6667,167.4833,70.52,67,62,16.42
44,Butaritari,KI,10/19/22 21:30,3.0707,172.7902,81.86,69,100,15.05
45,Barrow,US,10/19/22 21:30,71.2906,-156.7887,24.82,86,100,6.91
46,Ribeira Grande,PT,10/19/22 21:31,38.5167,-28.7,65.77,75,100,5.99
47,Katsuura,JP,10/19/22 21:31,35.1333,140.3,51.82,62,0,12.84
48,Ostrovnoy,RU,10/19/22 21:31,68.0531,39.5131,37.74,76,86,38.88
49,Upernavik,GL,10/19/22 21:31,72.7868,-56.1549,21.25,82,100,2.77
50,Geraldton,AU,10/19/22 21:30,-28.7667,114.6,59.41,88,100,4.61
51,Nivala,FI,10/19/22 21:31,63.9167,24.9667,36.68,97,100,5.14
52,Talnakh,RU,10/19/22 21:31,69.4865,88.3972,34.21,97,100,13.18
53,Lavrentiya,RU,10/19/22 21:31,65.5833,-171,35.94,89,100,25.97
54,San Angelo,US,10/19/22 21:31,31.4638,-100.437,75.88,35,0,10.36
55,Alanya,TR,10/19/22 21:31,36.5438,31.9998,69.93,66,55,3.83
56,Cururupu,BR,10/19/22 21:31,-1.8283,-44.8683,77.94,82,60,5.46
57,Kitimat,CA,10/19/22 21:31,54.0524,-128.6534,55.78,24,100,1.01
58,Clyde River,CA,10/19/22 21:31,70.4692,-68.5914,14.23,79,75,6.91
59,Kruisfontein,ZA,10/19/22 21:31,-34.0033,24.7314,74.88,74,98,15.46
60,Dikson,RU,10/19/22 21:31,73.5069,80.5464,32.52,98,100,18.9
61,Yellowknife,CA,10/19/22 21:31,62.456,-114.3525,43.32,93,75,12.66
62,Porto Belo,BR,10/19/22 21:29,-27.1578,-48.5531,72.79,91,7,4.79
63,Te Anau,NZ,10/19/22 21:28,-45.4167,167.7167,43.54,89,48,8.34
64,Chokurdakh,RU,10/19/22 21:31,70.6333,147.9167,-7.76,100,100,3.51
65,Kapaa,US,10/19/22 21:31,22.0752,-159.319,76.98,86,100,14.97
66,Picui,BR,10/19/22 21:31,-6.5106,-36.3469,74.91,62,36,23.69
67,Henties Bay,NA,10/19/22 21:31,-22.116,14.2845,59.23,87,98,9.64
68,Tasiilaq,GL,10/19/22 21:31,65.6145,-37.6368,32.16,91,100,7.58
69,Castro,BR,10/19/22 21:31,-24.7911,-50.0119,63.77,91,23,3.22
70,Coihaique,CL,10/19/22 21:30,-45.5752,-72.0662,56.01,67,75,9.22
71,Narsaq,GL,10/19/22 21:31,60.9167,-46.05,41.22,68,21,17.56
72,Nawabganj,BD,10/19/22 21:31,24.5911,88.271,70.21,78,0,5.88
73,Dunedin,NZ,10/19/22 21:30,-45.8742,170.5036,54.81,67,91,1.01
74,Gobabis,NA,10/19/22 21:31,-22.45,18.9667,68.97,50,23,12.5
75,Shimoda,JP,10/19/22 21:31,34.6667,138.95,54.1,67,0,11.39
76,Lagos,NG,10/19/22 21:30,6.5833,3.75,80.92,88,51,5.23
77,Hopkinsville,US,10/19/22 21:31,36.8656,-87.4886,57.31,34,0,10.18
78,Alice Springs,AU,10/19/22 21:31,-23.7,133.8833,56.75,88,0,0
79,Puerto Ayora,EC,10/19/22 21:31,-0.7393,-90.3518,75.16,85,93,7
80,Svetlaya,RU,10/19/22 21:31,46.5389,138.3297,42.66,57,100,9.75
81,Kamina,CD,10/19/22 21:31,-8.7386,24.9906,67.87,78,81,4.21
82,Mhlume,SZ,10/19/22 21:31,-26.0333,31.85,69.64,87,28,0.96
83,Leningradskiy,RU,10/19/22 21:31,69.3833,178.4167,31.14,94,100,22.55
84,Iskateley,RU,10/19/22 21:30,67.6803,53.1512,32.49,96,100,8.86
85,Lebu,CL,10/19/22 21:31,-37.6167,-73.65,54.28,82,41,7.99
86,Khorinsk,RU,10/19/22 21:31,52.1657,109.7726,28.22,82,86,2.59
87,Fez,MA,10/19/22 21:31,34.0372,-4.9998,71.85,52,0,6.91
88,Necochea,AR,10/19/22 21:31,-38.5473,-58.7368,69.03,54,97,15.88
89,Santa Maria,BR,10/19/22 21:33,-29.6842,-53.8069,76.3,57,20,13.8
90,Hilo,US,10/19/22 21:29,19.7297,-155.09,88.29,69,0,7
91,Horodnytsya,UA,10/19/22 21:33,50.807,27.3168,40.05,80,25,12.39
92,Agirish,RU,10/19/22 21:33,61.9247,63.0231,34.52,87,94,8.57
93,Sao Filipe,CV,10/19/22 21:33,14.8961,-24.4956,79.36,81,33,4.07
94,Kutum,SD,10/19/22 21:33,14.2,24.6667,76.21,25,25,11.92
95,Montepuez,MZ,10/19/22 21:33,-13.1256,38.9997,68.05,79,2,4.07
96,Bethel,US,10/19/22 21:29,41.3712,-73.414,52.48,55,100,9.22
97,Lorengau,PG,10/19/22 21:32,-2.0226,147.2712,83.93,67,100,6.46
98,Sisimiut,GL,10/19/22 21:33,66.9395,-53.6735,25.56,80,90,7.38
99,Alofi,NU,10/19/22 21:33,-19.0595,-169.9187,76.89,88,1,4.61
100,Florence,IT,10/19/22 21:33,43.7667,11.25,65.53,89,2,3.44
101,Srednekolymsk,RU,10/19/22 21:33,67.45,153.6833,14.04,94,100,21.72
102,Bilma,NE,10/19/22 21:33,18.6853,12.9164,77.67,22,0,9.22
103,Ponta Do Sol,PT,10/19/22 21:33,32.6667,-17.1,75,75,100,9.73
104,Lisakovsk,KZ,10/19/22 21:33,52.5369,62.4936,42.37,76,100,6.98
105,Huarmey,PE,10/19/22 21:33,-10.0681,-78.1522,64.6,77,96,12.1
106,Lagoa,PT,10/19/22 21:33,39.05,-27.9833,66.18,74,100,25.88
107,Lompoc,US,10/19/22 21:33,34.6391,-120.4579,95.14,25,0,13.8
108,Constitucion,CL,10/19/22 21:28,-35.3333,-72.4167,57.96,79,8,10.54
109,Moscow,RU,10/19/22 21:32,55.7522,37.6156,45.14,83,100,7.36
110,Cabo San Lucas,MX,10/19/22 21:29,22.8909,-109.9124,89.62,65,20,4.61
111,Seoul,KR,10/19/22 21:30,37.5683,126.9778,45.84,97,0,2.3
112,Padang,ID,10/19/22 21:33,-0.9492,100.3543,71.65,87,100,3.36
113,New Norfolk,AU,10/19/22 21:33,-42.7826,147.0587,54.91,60,63,1.01
114,Vaini,TO,10/19/22 21:33,-21.2,-175.2,77.16,94,75,10.36
115,Pontes E Lacerda,BR,10/19/22 21:33,-15.2261,-59.3353,81.1,65,62,3.6
116,Saint George,US,10/19/22 21:30,37.1041,-113.5841,83.95,15,0,6.91
117,Port Hedland,AU,10/19/22 21:33,-20.3167,118.5667,69.85,43,0,6.91
118,Port-Gentil,GA,10/19/22 21:33,-0.7193,8.7815,78.76,94,40,9.22
119,Gat,IL,10/19/22 21:29,31.61,34.7642,70.48,69,80,2.62
120,Cape Town,ZA,10/19/22 21:31,-33.9258,18.4232,64.81,72,75,10.36
121,Hasaki,JP,10/19/22 21:33,35.7333,140.8333,54.28,51,0,14.34
122,Poum,NC,10/19/22 21:33,-20.2333,164.0167,76.84,69,44,10.83
123,Hervey Bay,AU,10/19/22 21:33,-25.2986,152.8535,69.03,92,100,8.99
124,Georgetown,MY,10/19/22 21:32,5.4112,100.3354,78.24,89,20,5.01
125,Montanha,BR,10/19/22 21:33,-18.1269,-40.3633,73.44,75,59,13.71
126,Nikolskoye,RU,10/19/22 21:32,59.7035,30.7861,39.09,88,85,4.61
127,Kaupanger,NO,10/19/22 21:33,61.1845,7.2404,33.94,82,6,2.06
128,Saint-Joseph,RE,10/19/22 21:33,-21.3667,55.6167,66.58,72,16,7.74
129,Kununurra,AU,10/19/22 21:28,-15.7667,128.7333,80.58,83,97,4.61
130,Jalu,LY,10/19/22 21:33,29.0331,21.5482,72.63,48,65,5.57
131,Kaeo,NZ,10/19/22 21:32,-35.1,173.7833,59.32,79,24,9.78
132,Berezovyy,RU,10/19/22 21:34,51.6667,135.7,36.61,61,100,5.61
133,Kastamonu,TR,10/19/22 21:34,41.5,33.6667,50.88,89,41,3.56
134,Atuona,PF,10/19/22 21:32,-9.8,-139.0333,76.82,67,1,13.06
135,Saint-Francois,FR,10/19/22 21:34,46.4154,3.9054,60.24,82,0,3.44
136,Tiarei,PF,10/19/22 21:34,-17.5333,-149.3333,84.22,78,5,9.91
137,Cayenne,GF,10/19/22 21:34,4.9333,-52.3333,82.44,78,0,8.05
138,Kodiak,US,10/19/22 21:34,57.79,-152.4072,51.31,50,0,0
139,Port Alfred,ZA,10/19/22 21:34,-33.5906,26.891,73.58,82,41,10.67
140,Honiara,SB,10/19/22 21:34,-9.4333,159.95,85.3,69,52,2.28
141,Carballo,ES,10/19/22 21:34,43.213,-8.691,59.86,87,34,10.89
142,Noumea,NC,10/19/22 21:30,-22.2763,166.4572,78.01,99,73,15.03
143,Nome,US,10/19/22 21:34,64.5011,-165.4064,37.47,87,75,24.16
144,Painesville,US,10/19/22 21:34,41.7245,-81.2457,44.42,88,100,23.02
145,Kamskiye Polyany,RU,10/19/22 21:34,55.4307,51.4171,41.81,84,87,5.21
146,Troitskoye,RU,10/19/22 21:34,52.9821,84.6757,39.18,60,100,9.51
147,Tiksi,RU,10/19/22 21:34,71.6872,128.8694,12.38,92,90,8.48
148,Bimbo,CF,10/19/22 21:34,4.2567,18.4158,70.81,99,100,3.06
149,Vestmannaeyjar,IS,10/19/22 21:34,63.4427,-20.2734,44.6,74,100,8.3
150,Manono,CD,10/19/22 21:34,-7.3,27.4167,71.4,84,97,2.73
151,Suoyarvi,RU,10/19/22 21:34,62.0833,32.35,33.26,93,95,6.44
152,Karaton,ID,10/19/22 21:34,-6.3424,106.1045,73.89,96,100,3.02
153,Robertsport,LR,10/19/22 21:34,6.7533,-11.3686,78.57,82,100,5.79
154,Makamba,BI,10/19/22 21:34,-4.1348,29.804,63.61,89,97,4.03
155,Bukachacha,RU,10/19/22 21:34,52.9833,116.9167,25.38,86,23,2.26
156,Cheney,US,10/19/22 21:34,47.4874,-117.5758,70.81,38,20,0
157,Dogondoutchi,NE,10/19/22 21:34,13.6393,4.0287,88.11,17,86,5.84
158,Souillac,MU,10/19/22 21:34,-20.5167,57.5167,70.18,68,20,6.91
159,Uvat,RU,10/19/22 21:34,59.1433,68.8953,39.45,93,100,6.13
160,Ruwi,OM,10/19/22 21:34,23.5996,58.5507,78.49,38,61,1.86
161,Victoria,HK,10/19/22 21:34,22.2855,114.1577,74.32,65,81,5.99
162,Diego De Almagro,CL,10/19/22 21:34,-26.3667,-70.05,69.64,16,0,8.5
163,Hlotse,LS,10/19/22 21:34,-28.8718,28.045,63.19,70,98,1.19
164,Hithadhoo,MV,10/19/22 21:32,-0.6,73.0833,80.02,78,98,8.55
165,San Pedro,PH,10/19/22 21:34,14.35,121.0167,78.03,91,75,2.3
166,Ayapel,CO,10/19/22 21:34,8.3137,-75.1398,81.01,88,99,3.89
167,Mecca,SA,10/19/22 21:34,21.4267,39.8261,80.58,54,0,3.49
168,La Ligua,CL,10/19/22 21:34,-32.4524,-71.2311,62.71,52,44,6.8
169,Nizwa,OM,10/19/22 21:34,22.9333,57.5333,73.94,22,78,2.37
170,Beisfjord,NO,10/19/22 21:34,68.3751,17.5988,43.05,97,99,5.93
171,Yingcheng,CN,10/19/22 21:34,30.95,113.55,54.66,40,78,5.86
172,Heilbron,ZA,10/19/22 21:34,-27.2812,27.9709,65.95,58,97,7.16
173,Khatanga,RU,10/19/22 21:34,71.9667,102.5,19.98,96,100,6.6
174,Griffith,US,10/19/22 21:33,41.5284,-87.4237,49.24,40,0,17.27
175,San Agustin,MX,10/19/22 21:34,20.5333,-103.4667,76.51,41,75,0
176,Kokkola,FI,10/19/22 21:34,63.8385,23.1307,46.92,84,0,3.44
177,Mahebourg,MU,10/19/22 21:32,-20.4081,57.7,70.09,68,20,6.91
178,Rawson,AR,10/19/22 21:34,-43.3002,-65.1023,76.44,29,71,6.26
179,Solec Kujawski,PL,10/19/22 21:35,53.0837,18.2257,41.88,47,0,3.44
180,Banda Aceh,ID,10/19/22 21:35,5.5577,95.3222,79,78,99,14.99
181,Ilulissat,GL,10/19/22 21:35,69.2167,-51.1,28.42,69,100,9.22
182,Yaan,NG,10/19/22 21:35,7.3833,8.5667,75.38,88,98,4.7
183,Ancud,CL,10/19/22 21:35,-41.8697,-73.8203,53.22,84,97,10.92
184,Lashio,MM,10/19/22 21:35,22.9333,97.75,60.03,91,5,1.39
185,Ibra,OM,10/19/22 21:32,22.6906,58.5334,71.73,40,99,1.57
186,Hay River,CA,10/19/22 21:35,60.8156,-115.7999,48.18,93,75,12.66
187,Dhidhdhoo,MV,10/19/22 21:35,6.8833,73.1,80.69,80,76,16.8
188,Pasinler,TR,10/19/22 21:35,39.9803,41.6764,49.19,70,0,3.31
189,Palu,ID,10/19/22 21:35,-0.8917,119.8707,74.84,91,100,3.62
190,Muncar,ID,10/19/22 21:35,-8.4333,114.3333,74.95,90,100,1.7
191,Zhanaozen,KZ,10/19/22 21:35,43.3,52.8,54.73,49,100,19.26
192,Kahului,US,10/19/22 21:33,20.8947,-156.47,87.82,61,20,10.36
193,Caska,MK,10/19/22 21:35,41.6506,21.6622,52.32,51,0,5.08
194,Codrington,AU,10/19/22 21:35,-38.2667,141.9667,54.79,88,12,9.8
195,Teruel,ES,10/19/22 21:35,40.6667,-0.6667,59.34,71,100,14.2
196,Avarua,CK,10/19/22 21:35,-21.2078,-159.775,80.65,65,20,17.27
197,Zhezkazgan,KZ,10/19/22 21:35,47.8043,67.7144,49.3,59,100,21.63
198,Bay Roberts,CA,10/19/22 21:35,47.5999,-53.2648,57.33,93,1,1.01
199,Thompson,CA,10/19/22 21:35,55.7435,-97.8558,41.16,75,40,10.36
200,La Palma,US,10/19/22 21:35,33.8464,-118.0467,97.86,24,20,11.5
201,North Bend,US,10/19/22 21:35,43.4065,-124.2243,70.92,88,40,10.36
202,Kandrian,PG,10/19/22 21:35,-6.2167,149.55,81.18,77,100,3.02
203,Ansbach,DE,10/19/22 21:31,49.3,10.5833,49.95,93,0,8.05
204,Marzuq,YE,10/19/22 21:32,14.4,46.4667,69.08,28,47,1.16
205,Rio Gallegos,AR,10/19/22 21:33,-51.6226,-69.2181,55.45,26,75,16.11
206,Opportunity,US,10/19/22 21:35,47.6499,-117.2399,71.28,42,0,3.44
207,Barauna,BR,10/19/22 21:35,-5.08,-37.6167,83.3,74,21,10.51
208,Cherskiy,RU,10/19/22 21:35,68.75,161.3,22.28,95,100,7.14
209,Port Blair,IN,10/19/22 21:33,11.6667,92.75,79.92,79,88,9.37
210,Kurilsk,RU,10/19/22 21:35,45.2333,147.8833,49.12,66,68,17.22
211,Kawalu,ID,10/19/22 21:35,-7.3817,108.2082,72.64,98,100,1.43
212,Arraial Do Cabo,BR,10/19/22 21:35,-22.9661,-42.0278,73.26,88,75,14.97
213,Stanesti,RO,10/19/22 21:35,43.9167,25.8333,53.56,41,1,3.6
214,Flinders,AU,10/19/22 21:35,-34.5833,150.8552,66.38,89,100,4
215,Margate,GB,10/19/22 21:33,51.3813,1.3862,59.9,85,100,7
216,Alice,US,10/19/22 21:35,27.7523,-98.0697,74.64,27,0,3.44
217,Coquimbo,CL,10/19/22 21:33,-29.9533,-71.3436,60.53,67,20,12.66
218,Kindu,CD,10/19/22 21:35,-2.95,25.95,69.96,99,100,0.85
219,Bowen,AU,10/19/22 21:35,-20.0167,148.2333,77.11,86,100,7.29
220,Traian,RO,10/19/22 21:35,46.6333,27.0333,49.71,76,75,4.61
221,Ken Caryl,US,10/19/22 21:35,39.5773,-105.1169,76.86,15,0,5.99
222,Kudeyevskiy,RU,10/19/22 21:35,54.8758,56.7567,41.29,95,100,4.07
223,Longyearbyen,SJ,10/19/22 21:35,78.2186,15.6401,28.24,64,40,25.32
224,Lixourion,GR,10/19/22 21:35,38.2019,20.4314,65.44,69,0,3.06
225,Richards Bay,ZA,10/19/22 21:36,-28.783,32.0377,72,83,97,12.48
226,Muros,ES,10/19/22 21:36,42.7762,-9.0603,59.85,85,21,23.13
227,Jeremie,HT,10/19/22 21:36,18.65,-74.1167,81.84,77,28,2.17
228,Balaipungut,ID,10/19/22 21:36,1.05,101.2833,74.16,90,100,1.25
229,Isangel,VU,10/19/22 21:36,-19.55,169.2667,78.91,69,90,6.91
230,Beringovskiy,RU,10/19/22 21:36,63.05,179.3167,36.88,85,18,10.6
231,Sabha,LY,10/19/22 21:36,27.0377,14.4283,70.9,44,82,4.14
232,Oum Hadjer,TD,10/19/22 21:36,13.2954,19.6966,89.91,23,95,7.09
233,Vila Franca Do Campo,PT,10/19/22 21:36,37.7167,-25.4333,64.81,83,100,21.21
234,Haines Junction,CA,10/19/22 21:32,60.7522,-137.5108,39.15,100,100,3.44
235,Shingu,JP,10/19/22 21:36,33.7333,135.9833,54.66,62,0,5.39
236,Nuevo Progreso,MX,10/19/22 21:36,23.1667,-97.95,75.47,58,86,11.12
237,Kinsale,IE,10/19/22 21:36,51.7075,-8.5306,57.24,94,75,21.85
238,Torbay,CA,10/19/22 21:35,47.6666,-52.7314,56.57,94,75,10.36
239,Evensk,RU,10/19/22 21:36,61.95,159.2333,16.54,75,100,9.75
240,Shemgang,BT,10/19/22 21:36,27.2169,90.6579,45.91,72,0,6.44
241,Boyuibe,BO,10/19/22 21:36,-20.4167,-63.2833,65.61,94,99,0.72
242,Norman Wells,CA,10/19/22 21:36,65.282,-126.8329,33.84,93,100,16.11
243,Praya,CV,10/19/22 21:36,14.9215,-23.5087,79.34,78,20,9.22
244,Fonseca,CO,10/19/22 21:36,10.8861,-72.8487,79.2,92,22,3.18
245,Tucano,BR,10/19/22 21:36,-10.9631,-38.7867,76.48,59,43,14.97
246,Airai,TL,10/19/22 21:36,-8.9266,125.4092,63.72,87,90,1.41
247,Namibe,AO,10/19/22 21:36,-15.1961,12.1522,63.52,89,21,7.4
248,Bengkulu,ID,10/19/22 21:36,-3.8004,102.2655,73.96,92,100,1.68
249,Chapais,CA,10/19/22 21:34,49.7834,-74.8492,40.78,77,100,4.07
250,Ilovlya,RU,10/19/22 21:36,49.3033,43.9796,50.63,52,100,5.41
251,Almaznyy,RU,10/19/22 21:36,48.0448,40.045,48.54,58,100,5.79
252,Nombre De Dios,MX,10/19/22 21:36,23.85,-104.2333,67.55,45,81,13.69
253,Baykit,RU,10/19/22 21:33,61.67,96.37,32.61,93,100,2.8
254,Sainte-Maxime,FR,10/19/22 21:37,43.3,6.6333,64.42,94,12,1.59
255,Chuy,UY,10/19/22 21:37,-33.6971,-53.4616,59.97,94,9,8.3
256,Ranot,TH,10/19/22 21:37,7.7777,100.3213,77.85,86,100,5.14
257,Xinzhi,CN,10/19/22 21:37,36.4989,111.7047,53.37,43,4,2.55
258,Buctzotz,MX,10/19/22 21:37,21.2,-88.7833,71.64,94,100,6.06
259,Guerrero Negro,MX,10/19/22 21:32,27.9769,-114.0611,87.15,31,5,3.47
260,Kavaratti,IN,10/19/22 21:37,10.5669,72.642,81.07,78,40,14.09
261,Klaksvik,FO,10/19/22 21:37,62.2266,-6.589,43.72,70,57,8.72
262,Mehran,IR,10/19/22 21:37,33.1222,46.1646,78.78,13,16,3.22
263,Tolbazy,RU,10/19/22 21:37,54.0241,55.8825,40.42,91,100,7.14
264,Luderitz,NA,10/19/22 21:33,-26.6481,15.1594,60.22,90,11,15.05
265,Doha,QA,10/19/22 21:37,25.2867,51.5333,84.18,70,0,3.44
266,Ahipara,NZ,10/19/22 21:37,-35.1667,173.1667,60.53,62,12,11.56
267,Takoradi,GH,10/19/22 21:34,4.8845,-1.7554,77.47,87,34,7.81
268,Navahrudak,BY,10/19/22 21:37,53.6,25.8333,35.78,77,7,12.39
269,Moissala,TD,10/19/22 21:37,8.3404,17.7663,72.84,90,100,1.57
270,Kachiry,KZ,10/19/22 21:37,53.0675,76.1036,40.84,90,100,16.58
271,Douglas,US,10/19/22 21:32,41.3,-96.167,61.86,23,0,4.61
272,Kumluca,TR,10/19/22 21:37,36.3703,30.2869,69.24,74,12,2.73
273,Husavik,IS,10/19/22 21:38,66.0449,-17.3389,33.89,77,100,10.71
274,Minas,UY,10/19/22 21:38,-34.3759,-55.2377,63.88,81,99,9.8
275,Riberalta,BO,10/19/22 21:38,-10.9833,-66.1,84.4,70,75,6.91
276,Tuatapere,NZ,10/19/22 21:38,-46.1333,167.6833,48.88,74,72,10.6
277,Inhambane,MZ,10/19/22 21:38,-23.865,35.3833,71.11,82,52,8.1
278,Koumra,TD,10/19/22 21:38,8.9126,17.5539,74.62,82,83,2.86
279,Bambous Virieux,MU,10/19/22 21:38,-20.3428,57.7575,70.05,68,20,6.91
280,Emerald,AU,10/19/22 21:38,-23.5333,148.1667,68.34,94,70,14.29
281,Chifeng,CN,10/19/22 21:38,42.2683,118.9636,45.79,44,1,6.76
282,Oranjemund,NA,10/19/22 21:38,-28.55,16.4333,59.31,94,13,7.52
283,Kholodnyy,RU,10/19/22 21:38,62.7167,147.95,-7.76,96,93,2.01
284,Iqaluit,CA,10/19/22 21:38,63.7506,-68.5145,24.53,63,20,10.36
285,Ojinaga,MX,10/19/22 21:38,29.5667,-104.4167,75.58,46,0,0
286,Ayagoz,KZ,10/19/22 21:38,47.9714,80.4392,39.83,55,100,10.47
287,Kendari,ID,10/19/22 21:38,-3.945,122.4989,76.64,90,83,1.5
288,Burnie,AU,10/19/22 21:38,-41.0667,145.9167,58.95,52,8,5.06
289,Caravelas,BR,10/19/22 21:38,-17.7125,-39.2481,74.14,76,34,7.47
290,Eureka,US,10/19/22 21:35,40.8021,-124.1637,86.67,66,2,1.99
291,Rosetta,EG,10/19/22 21:38,31.4044,30.4164,72.03,71,2,8.01
292,Vanimo,PG,10/19/22 21:38,-2.6741,141.3028,78.51,88,98,5.03
293,Hambantota,LK,10/19/22 21:38,6.1241,81.1185,79.14,94,20,6.91
294,Danielskuil,ZA,10/19/22 21:38,-28.1887,23.5395,70.56,42,76,7.29
295,Okha,RU,10/19/22 21:38,53.5739,142.9478,39.6,77,83,13.06
296,Bagdarin,RU,10/19/22 21:38,54.4333,113.6,25.05,83,7,3.98
297,Ngunguru,NZ,10/19/22 21:38,-35.6167,174.5,61.05,54,10,13.49
298,Mikhaylovka,RU,10/19/22 21:38,50.06,43.2379,51.71,67,100,5.19
299,Pangoa,PE,10/19/22 21:38,-12.1167,-73,79.72,66,86,1.07
300,Comodoro Rivadavia,AR,10/19/22 21:38,-45.8667,-67.5,73.26,28,0,32.21
301,Bonnyville,CA,10/19/22 21:36,54.2668,-110.735,70.92,20,91,11.45
302,Menongue,AO,10/19/22 21:38,-14.6585,17.691,66.34,57,52,2.21
303,Bandarbeyla,SO,10/19/22 21:38,9.4942,50.8122,78.48,85,92,12.01
304,Timra,SE,10/19/22 21:38,62.487,17.3257,43.68,75,100,8.05
305,Rio Brilhante,BR,10/19/22 21:38,-21.8019,-54.5464,77.63,76,12,4.18
306,Manicore,BR,10/19/22 21:38,-5.8092,-61.3003,85.95,70,40,13.8
307,Bhinga,IN,10/19/22 21:38,27.7167,81.9333,67.87,77,0,3.22
308,Poco Das Trincheiras,BR,10/19/22 21:38,-9.3125,-37.2856,73.83,70,46,13.04
309,Nishihara,JP,10/19/22 21:38,26.1842,127.7558,74.48,70,75,21.85
310,Shaoyang,CN,10/19/22 21:38,27.2315,111.4525,55.51,33,42,1.9
311,Ban Dung,TH,10/19/22 21:38,17.699,103.2596,70,99,66,4.34
312,Labuhan,ID,10/19/22 21:38,-6.8844,112.2051,78.17,87,99,5.1
313,Pietarsaari,FI,10/19/22 21:38,63.65,22.6833,45.9,80,100,12.44
314,Lexington,US,10/19/22 21:37,37.9887,-84.4777,55.4,32,0,10.36
315,Saint-Augustin,CA,10/19/22 21:38,51.226,-58.6502,51.75,84,96,12.26
316,Neuquen,AR,10/19/22 21:38,-38.9516,-68.0591,82.29,28,20,4.61
317,Ndola,ZM,10/19/22 21:38,-12.9587,28.6366,70.72,36,54,9.69
318,Galveston,US,10/19/22 21:39,29.3669,-94.9669,69.1,29,0,3.44
319,Sitka,US,10/19/22 21:39,57.0531,-135.33,53.49,82,100,23.02
320,Hukuntsi,BW,10/19/22 21:39,-24,21.75,73.51,40,79,9.37
321,Det Udom,TH,10/19/22 21:39,14.906,105.0784,66.02,88,83,4
322,Berlevag,NO,10/19/22 21:39,70.8578,29.0864,37.35,70,75,35.68
323,Port Keats,AU,10/19/22 21:39,-14.25,129.55,84.02,76,40,4.36
324,Vryburg,ZA,10/19/22 21:39,-26.9566,24.7284,70.56,45,42,5.59
325,Agucadoura,PT,10/19/22 21:39,41.4318,-8.7804,62.24,84,1,18.88
326,Norrkoping,SE,10/19/22 21:39,58.5942,16.1826,37.98,90,7,6.91
327,Voznesenye,RU,10/19/22 21:39,61.0106,35.4781,39.51,74,100,10.85
328,La Ronge,CA,10/19/22 21:39,55.1001,-105.2842,59.22,51,20,5.75
329,Camocim,BR,10/19/22 21:34,-2.9022,-40.8411,80.26,73,23,17.38
330,Guider,CM,10/19/22 21:39,9.9342,13.9486,81,61,81,3.13
331,Port Hardy,CA,10/19/22 21:39,50.6996,-127.4199,53.78,94,100,0
332,Marienburg,PL,10/19/22 21:38,54.0359,19.0266,42.89,68,46,6.24
333,Amuntai,ID,10/19/22 21:39,-2.4177,115.2494,73.45,99,100,1.63
334,Half Moon Bay,US,10/19/22 21:39,37.4636,-122.4286,94.41,40,0,11.5
335,Raudeberg,NO,10/19/22 21:36,61.9875,5.1352,41.95,63,96,3.87
336,Dingle,PH,10/19/22 21:39,10.9995,122.6711,76.73,89,100,2.17
337,Esperance,AU,10/19/22 21:39,-33.8667,121.9,65.5,51,22,17.07
338,Kousseri,CM,10/19/22 21:39,12.0769,15.0306,76.96,53,100,1.14
339,Yulara,AU,10/19/22 21:39,-25.2406,130.9889,64.4,63,0,2.89
340,Poya,NC,10/19/22 21:39,-21.35,165.15,78.71,60,17,4.21
341,Perelyub,RU,10/19/22 21:39,51.8667,50.3667,50.94,59,100,7.34
342,Kursenai,LT,10/19/22 21:39,55.985,22.9189,34.05,83,27,6.15
343,Muscat,OM,10/19/22 21:39,23.6139,58.5922,78.82,40,62,2.37
344,Yeppoon,AU,10/19/22 21:39,-23.1333,150.7333,71.38,86,96,13.69
345,Bendigo,AU,10/19/22 21:39,-36.7667,144.2833,64.85,54,2,5.99
346,Nuuk,GL,10/19/22 21:39,64.1835,-51.7216,27.21,86,75,4.61
347,Chancay,PE,10/19/22 21:39,-11.5714,-77.2672,63.1,80,60,10
348,Alyangula,AU,10/19/22 21:39,-13.8483,136.4192,83.08,73,96,7.83
349,Amapa,BR,10/19/22 21:39,1,-52,74.03,92,93,4.14
350,Shenxian,CN,10/19/22 21:39,36.2411,115.6672,49.69,46,47,9.8
351,San Luis,AR,10/19/22 21:35,-33.295,-66.3356,63.36,62,88,6.89
352,Waipawa,NZ,10/19/22 21:39,-41.4122,175.5153,57.87,52,6,7.14
353,Araouane,ML,10/19/22 21:39,18.9048,-3.5265,89.19,15,52,6.55
354,Srivardhan,IN,10/19/22 21:39,18.0333,73.0167,76.86,90,65,4.07
355,Saskylakh,RU,10/19/22 21:39,71.9167,114.0833,3.04,95,95,4.09
356,Imeni Zhelyabova,RU,10/19/22 21:39,58.9544,36.5956,33.69,91,38,3.89
357,San Patricio,US,10/19/22 21:39,28.017,-97.5169,75.18,23,0,6.4
358,Steamboat Springs,US,10/19/22 21:36,40.485,-106.8317,69.94,20,0,8.05
359,Calvinia,ZA,10/19/22 21:39,-31.4707,19.776,65.77,48,38,5.68
360,Maragogi,BR,10/19/22 21:39,-9.0122,-35.2225,74.79,82,43,10.98
361,South Venice,US,10/19/22 21:34,27.0531,-82.4243,65.98,52,100,5.99
362,Nizhniy Kuranakh,RU,10/19/22 21:39,58.8353,125.4869,22.77,93,97,8.16
363,San Rafael,AR,10/19/22 21:39,-34.6177,-68.3301,68.97,46,62,9.01
364,Cristalina,BR,10/19/22 21:40,-16.7686,-47.6136,76.78,33,52,5.93
365,Meulaboh,ID,10/19/22 21:40,4.1363,96.1285,75.15,88,100,2.55
366,Sinop,TR,10/19/22 21:40,41.7711,34.8709,55.11,91,85,2.42
367,Brae,GB,10/19/22 21:40,60.3964,-1.353,45.21,64,100,7.9
368,Adrar,MR,10/19/22 21:40,20.5022,-10.0711,87.98,13,48,8.88
369,Dickinson,US,10/19/22 21:40,29.4608,-95.0513,69.15,30,0,6.91
370,Leszno,PL,10/19/22 21:40,51.8403,16.5749,41.99,77,1,5.03
371,Nara,JP,10/19/22 21:40,34.6851,135.8049,53.69,67,0,1.07
372,Awbari,LY,10/19/22 21:40,26.5921,12.7805,69.37,41,20,5.57
373,Pathalgaon,IN,10/19/22 21:40,22.5667,83.4667,64.42,69,2,4.83
374,Cidreira,BR,10/19/22 21:40,-30.1811,-50.2056,63.84,94,22,3.22
375,Sioux Lookout,CA,10/19/22 21:40,50.1001,-91.917,37.47,56,100,4.61
376,Kieta,PG,10/19/22 21:40,-6.2167,155.6333,84.42,60,90,2.28
377,Ariquemes,BR,10/19/22 21:40,-9.9133,-63.0408,82.35,67,68,3.47
378,Crateus,BR,10/19/22 21:38,-5.1783,-40.6775,85.41,39,77,3.6
379,Lingolsheim,FR,10/19/22 21:40,48.5575,7.6825,55.49,94,0,5.75
380,Urengoy,RU,10/19/22 21:40,65.9667,78.3667,36.97,88,100,14.29
381,Gairo,IT,10/19/22 21:40,39.8497,9.5047,58.21,69,0,2.13
382,Sarangani,PH,10/19/22 21:40,5.4033,125.4636,83.46,75,100,9.08
383,Maridi,SS,10/19/22 21:40,4.9158,29.4742,68.18,92,99,2.35
384,Kaitangata,NZ,10/19/22 21:40,-46.2817,169.8464,55.49,46,85,12.53
385,Kloulklubed,PW,10/19/22 21:40,7.0419,134.2556,77.5,74,100,12.55
386,Halifax,CA,10/19/22 21:36,44.6453,-63.5724,66.09,97,100,20.71
387,Atar,MR,10/19/22 21:40,20.5169,-13.0499,89.01,14,28,7.16
388,Vardo,NO,10/19/22 21:40,70.3705,31.1107,35.58,69,100,23.02
389,Greenville,US,10/19/22 21:39,35.6127,-77.3663,57.24,43,0,3.44
390,San Francisco,US,10/19/22 21:39,37.7749,-122.4194,94.82,31,77,5.08
391,Vidim,RU,10/19/22 21:40,56.4088,103.1106,32.18,97,99,3.78
392,Tessalit,ML,10/19/22 21:40,20.1986,1.0114,82.17,21,20,8.7
393,Tevriz,RU,10/19/22 21:40,57.509,72.4042,40.15,89,100,5.26
394,Camapua,BR,10/19/22 21:40,-19.5314,-54.0439,78.33,58,36,5.41
395,Sosnovo-Ozerskoye,RU,10/19/22 21:40,52.5249,111.5418,25.23,87,82,4.03
396,Pipri,IN,10/19/22 21:40,19.8,75.5333,71.24,89,0,5.86
397,Santiago Del Estero,AR,10/19/22 21:40,-27.7951,-64.2615,75.33,47,94,5.39
398,Iquique,CL,10/19/22 21:40,-20.2208,-70.1431,62.64,74,16,7.47
399,Zarubino,RU,10/19/22 21:40,42.63,131.0922,45.63,60,4,8.84
400,Batemans Bay,AU,10/19/22 21:40,-35.7167,150.1833,61.11,73,100,1.61
401,Olafsvik,IS,10/19/22 21:40,64.8945,-23.7142,44.73,83,100,18.41
402,Susehri,TR,10/19/22 21:40,40.1644,38.0867,56.97,82,93,1.9
403,Grande Prairie,CA,10/19/22 21:38,55.1667,-118.8027,64.58,42,75,25.32
404,Zaigrayevo,RU,10/19/22 21:40,51.8336,108.2703,30.36,85,94,1.43
405,Mollendo,PE,10/19/22 21:40,-17.0231,-72.0147,63.03,79,53,7.9
406,Baruun-Urt,MN,10/19/22 21:40,46.6806,113.2792,37.49,34,59,3.44
407,Ust-Tsilma,RU,10/19/22 21:40,65.441,52.1498,33.35,97,100,8.08
408,Pontianak,ID,10/19/22 21:40,-0.0333,109.3333,75.18,100,75,2.3
409,Danjiangkou,CN,10/19/22 21:40,32.5428,111.5086,52.5,43,7,3.27
410,Newport,GB,10/19/22 21:41,51.5877,-2.9984,61.83,85,100,9.19
411,Diveyevo,RU,10/19/22 21:41,55.0433,43.2418,41.7,94,11,5.06
412,Piranshahr,IR,10/19/22 21:42,36.701,45.1413,59.09,33,59,5.03
413,Nanortalik,GL,10/19/22 21:42,60.1432,-45.2371,35.26,83,64,33.17
414,San Cristobal,VE,10/19/22 21:42,7.7669,-72.225,78.98,92,95,2.33
415,Jasper,US,10/19/22 21:42,37.2001,-94.3502,58.1,17,0,10.36
416,Verkhnevilyuysk,RU,10/19/22 21:42,63.4453,120.3167,15.93,94,91,6.85
417,Zyryanka,RU,10/19/22 21:42,65.75,150.85,10.15,87,100,16.04
418,Dalby,AU,10/19/22 21:38,-27.1833,151.2667,67.98,83,100,1.01
419,Hualmay,PE,10/19/22 21:42,-11.0964,-77.6139,64.08,78,64,12.06
420,Safranbolu,TR,10/19/22 21:42,41.2508,32.6942,55.27,89,69,1.88
421,Severo-Kurilsk,RU,10/19/22 21:42,50.6789,156.125,40.95,63,71,32.48
422,Corner Brook,CA,10/19/22 21:40,48.9667,-57.9484,55.56,83,97,10.94
423,Morbach,DE,10/19/22 21:42,49.8167,7.1167,53.85,91,75,16.11
424,Berdigestyakh,RU,10/19/22 21:42,62.0989,126.6992,21.65,93,100,8.32
425,Laguna,US,10/19/22 21:42,38.421,-121.4238,90.32,27,0,5.75
426,Talcahuano,CL,10/19/22 21:42,-36.7167,-73.1167,53.28,94,100,6.91
427,Raga,SS,10/19/22 21:42,8.4596,25.678,73.29,80,73,3.83
428,Ornskoldsvik,SE,10/19/22 21:42,63.2909,18.7153,41.95,81,83,13.8
429,Bahia Honda,CU,10/19/22 21:42,22.9036,-83.1592,73.83,90,100,13.91
430,Samarai,PG,10/19/22 21:42,-10.6167,150.6667,83.62,75,22,12.26
431,Lobito,AO,10/19/22 21:42,-12.3481,13.5456,73.31,82,49,6.4
432,Osimo,IT,10/19/22 21:42,43.4828,13.4875,64.09,62,0,2.3
433,Bereda,ES,10/19/22 21:42,43.2686,-7.5406,54.57,93,26,7.99
434,Mocoa,CO,10/19/22 21:42,1.1493,-76.6466,78.15,87,98,2.17
435,Kavieng,PG,10/19/22 21:42,-2.5744,150.7967,83.5,73,99,11.99
436,Asyut,EG,10/19/22 21:42,27.181,31.1837,71.78,41,0,6.71
437,Hovd,MN,10/19/22 21:42,48.0056,91.6419,30.25,60,28,3.49
438,Puerto Escondido,MX,10/19/22 21:42,15.85,-97.0667,76.42,91,100,8.79
439,Faya,SA,10/19/22 21:42,18.3851,42.4509,59.52,44,0,5.41
440,Miri,MY,10/19/22 21:42,4.4148,114.0089,75.34,100,20,1.14
441,Maragheh,IR,10/19/22 21:42,37.3917,46.2398,57.47,38,0,6.91
442,Tilichiki,RU,10/19/22 21:42,60.4667,166.1,25.7,76,98,10.98
443,Mamlyutka,KZ,10/19/22 21:42,54.9375,68.5394,39.58,88,100,7.07
444,Tshane,BW,10/19/22 21:42,-24.0196,21.8684,73.63,40,83,8.14
445,Ossora,RU,10/19/22 21:42,59.2353,163.0719,29.68,61,97,4.99
446,Salalah,OM,10/19/22 21:42,17.0151,54.0924,77.09,65,0,1.14
447,Diamantino,BR,10/19/22 21:42,-14.4086,-56.4461,85.84,46,45,3.71
448,Tecoanapa,MX,10/19/22 21:42,16.5167,-98.75,74.84,91,100,14.07
449,Sorland,NO,10/19/22 21:42,67.667,12.6934,42.66,72,96,10.02
450,Port Lincoln,AU,10/19/22 21:42,-34.7333,135.8667,59.63,81,36,12.77
451,Inta,RU,10/19/22 21:42,66.0317,60.1659,33.64,99,100,10.76
452,Hailar,CN,10/19/22 21:42,49.2,119.7,35.82,55,96,5.32
453,Iracoubo,GF,10/19/22 21:42,5.4802,-53.2011,80.11,82,59,10.4
454,Hobyo,SO,10/19/22 21:42,5.3505,48.5268,77.74,83,47,17.65
455,Valencia,ES,10/19/22 21:43,39.3333,-0.8333,68.59,88,100,4.03
456,Anadyr,RU,10/19/22 21:40,64.75,177.4833,39.7,100,75,11.18
457,Coos Bay,US,10/19/22 21:43,43.3665,-124.2179,70.99,88,40,10.36
458,Touros,BR,10/19/22 21:43,-5.1989,-35.4608,78.04,77,30,19.08
459,Coahuayana,MX,10/19/22 21:43,18.7333,-103.6833,84.81,71,81,4.09
460,Guilin,CN,10/19/22 21:41,25.2819,110.2864,64.51,23,100,4.27
461,Zhigansk,RU,10/19/22 21:43,66.7697,123.3711,8.89,94,95,6.02
462,Posse,BR,10/19/22 21:43,-14.0931,-46.3694,84.78,20,81,7.76
463,Lumsden,CA,10/19/22 21:43,50.6501,-104.8678,67.15,28,82,5.93
464,Acapulco,MX,10/19/22 21:43,16.8634,-99.8901,82.22,69,100,13.8
465,Aranos,NA,10/19/22 21:43,-24.1333,19.1167,75.04,40,23,16.93
466,Wanning,CN,10/19/22 21:43,18.8003,110.3967,75.61,90,93,3.51
467,Rio Tuba,PH,10/19/22 21:43,8.5061,117.4317,79.77,83,100,3.67
468,Okhotsk,RU,10/19/22 21:43,59.3833,143.3,20.37,55,0,17.2
469,San Policarpo,PH,10/19/22 21:43,12.1791,125.5072,79.12,85,99,5.37
470,Grindavik,IS,10/19/22 21:43,63.8424,-22.4338,41.47,93,100,10.36
471,Yerbogachen,RU,10/19/22 21:43,61.2767,108.0108,26.76,91,91,7.34
472,Juneau,US,10/19/22 21:43,58.3019,-134.4197,52.21,94,100,6.91
473,Parkent,UZ,10/19/22 21:43,41.2944,69.6764,37.22,62,18,5.17
474,Chipinge,ZW,10/19/22 21:43,-20.1883,32.6236,61.07,67,95,5.37
475,Amudat,UG,10/19/22 21:43,1.95,34.95,75.27,47,82,6.71
476,Saint Cloud,US,10/19/22 21:40,45.5608,-94.1625,52.38,22,40,5.99
477,Palauig,PH,10/19/22 21:43,15.435,119.9045,77.95,82,100,5.17
478,Paamiut,GL,10/19/22 21:43,61.994,-49.6678,33.55,68,79,31.21
479,Cabra,ES,10/19/22 21:43,37.4725,-4.4421,67.42,56,100,2.48
480,Ulaanbaatar,MN,10/19/22 21:43,47.9077,106.8832,35.73,48,40,0
481,Porto Murtinho,BR,10/19/22 21:43,-21.6989,-57.8825,82.76,64,43,1.1
482,Albertville,US,10/19/22 21:43,34.2676,-86.2089,58.95,28,0,8.05
483,Bridlington,GB,10/19/22 21:43,54.0831,-0.1919,55.02,85,82,18.99
484,Sao Joao Dos Patos,BR,10/19/22 21:43,-6.495,-43.7022,87.24,36,92,5.75
485,Tezu,IN,10/19/22 21:43,27.9167,96.1667,64.98,84,2,3.62
486,Aragats,AM,10/19/22 21:43,40.4889,44.3528,38.77,63,72,7.7
487,Thomasville,US,10/19/22 21:43,35.8826,-80.082,57.4,46,5,3
488,Santa Rosa,PH,10/19/22 21:43,14.3122,121.1114,78.78,94,100,3.02
489,Obihiro,JP,10/19/22 21:43,42.9172,143.2044,42.85,77,15,4.23
490,Ipora,BR,10/19/22 21:43,-16.4419,-51.1178,86.07,27,64,2.95
491,Ballina,AU,10/19/22 21:43,-28.8667,153.5667,67.78,99,100,11.48
492,Sunnyside,US,10/19/22 21:43,46.3237,-120.0087,78.33,39,0,0
493,Hue,VN,10/19/22 21:43,16.4667,107.6,69.91,88,75,10.36
494,Pailon,BO,10/19/22 21:43,-17.65,-62.75,85.68,56,41,9.48
495,Tommot,RU,10/19/22 21:43,58.9564,126.2925,24.21,93,99,9.69
496,Humberto De Campos,BR,10/19/22 21:43,-2.5983,-43.4611,78.93,80,15,8.57
497,Luena,AO,10/19/22 21:43,-11.7833,19.9167,63.66,83,29,3.06
498,Mushie,CD,10/19/22 21:43,-3.0167,16.9,74.34,86,28,3.4
499,Port Huron,US,10/19/22 21:43,42.9709,-82.4249,41.23,83,100,11.5
500,Lima,PE,10/19/22 21:43,-12.0432,-77.0282,62.85,68,0,11.5
501,Rio Cuarto,AR,10/19/22 21:42,-33.1307,-64.3499,64.17,77,75,0
502,Hofn,IS,10/19/22 21:44,64.2539,-15.2082,42.44,67,6,5.77
503,Mount Isa,AU,10/19/22 21:44,-20.7333,139.5,73.17,49,0,10.36
504,Itarema,BR,10/19/22 21:44,-2.9248,-39.9167,79.27,79,53,16.64
505,Oga,IT,10/19/22 21:44,46.4631,10.347,48.88,82,71,3.04
506,Mount Gambier,AU,10/19/22 21:44,-37.8333,140.7667,56.17,83,18,9.66
507,Sendafa,ET,10/19/22 21:44,9.15,39.0333,60.15,54,100,4.83
508,Nouakchott,MR,10/19/22 21:39,18.0858,-15.9785,84.13,59,0,11.7
509,High Level,CA,10/19/22 21:44,58.5169,-117.136,55.51,62,75,3.44
510,Malakal,SS,10/19/22 21:44,9.5334,31.6605,73.65,80,35,3.27
511,Alta Floresta,BR,10/19/22 21:44,-9.8756,-56.0861,75.83,79,95,3.67
512,Bairiki,KI,10/19/22 21:44,1.3292,172.9752,84.2,79,20,10.36
513,Dalvik,IS,10/19/22 21:44,65.9702,-18.5286,40.93,74,100,6.46
514,Grand Gaube,MU,10/19/22 21:44,-20.0064,57.6608,70.2,74,25,3
515,Flores,GT,10/19/22 21:44,16.9226,-89.8994,80.42,87,60,3.96
516,Kalemie,CD,10/19/22 21:44,-5.9475,29.1947,72.5,72,85,6.49
517,Lisala,CD,10/19/22 21:44,2.15,21.5167,70.48,99,100,2.77
518,The Valley,AI,10/19/22 21:44,18.217,-63.0578,84.34,79,40,14.97
519,Choma,ZM,10/19/22 21:44,-16.8065,26.9531,69.22,35,14,3.27
520,Bambanglipuro,ID,10/19/22 21:44,-7.95,110.2833,75.92,91,100,3.22
521,Miles City,US,10/19/22 21:44,46.4083,-105.8406,74.37,18,0,5.75
522,Jena,DE,10/19/22 21:43,50.9333,11.5833,45.55,90,100,4.41
523,Ola,RU,10/19/22 21:44,59.5833,151.2833,19.15,51,69,12.46
524,Candolim,IN,10/19/22 21:44,15.5181,73.7626,76.89,90,53,5.19
525,Arys,KZ,10/19/22 21:44,42.4252,68.795,43.77,76,20,7.43
526,Solnechnyy,RU,10/19/22 21:44,50.7214,136.6319,36.41,65,100,2.42
527,Kyren,RU,10/19/22 21:44,51.6828,102.1408,35.65,98,100,1.36
528,Nelson Bay,AU,10/19/22 21:44,-32.7167,152.15,66.99,97,100,8.01
529,Uige,AO,10/19/22 21:44,-7.6087,15.0613,69.31,97,94,3.24
530,Harsin,IR,10/19/22 21:44,34.2721,47.5861,52.61,30,52,3.49
531,Lasa,IT,10/19/22 21:44,46.6166,10.7002,56.28,75,57,2.06
532,Porto Novo,BJ,10/19/22 21:44,6.4965,2.6036,80.42,87,31,7
533,Riom,FR,10/19/22 21:44,45.9167,2.9167,61.45,62,96,5.3
534,Ust-Kuyga,RU,10/19/22 21:44,70.0167,135.6,-3.53,99,70,7.29
535,Naze,JP,10/19/22 21:44,28.3667,129.4833,70.72,61,7,21.14
536,Hamilton,US,10/19/22 21:44,39.1834,-84.5333,54.75,35,0,13.8
537,Shelburne,CA,10/19/22 21:44,44.0787,-80.2041,38.91,97,100,12.66
538,Tynda,RU,10/19/22 21:44,55.1667,124.7167,24.21,90,100,1.74
539,Ayan,RU,10/19/22 21:44,56.45,138.1667,36.81,60,99,11.86
540,Deputatskiy,RU,10/19/22 21:44,69.3,139.9,-8.54,88,16,4.74
541,Maracaibo,VE,10/19/22 21:44,10.6317,-71.6406,82.44,79,27,7.02
542,Murska Sobota,SI,10/19/22 21:44,46.6625,16.1664,56.23,61,100,8.46
543,Rorvik,NO,10/19/22 21:44,64.8621,11.2373,44.71,87,40,13.8
544,Ntoum,GA,10/19/22 21:45,0.3833,9.7833,74.84,95,93,3.33
545,Puerto Morazan,NI,10/19/22 21:45,12.8504,-87.1717,88.57,88,100,3.96
546,Sindor,RU,10/19/22 21:45,62.8629,51.8905,32.61,89,99,7.56
547,Chicama,PE,10/19/22 21:45,-7.8447,-79.1469,61.34,72,100,9.93
548,Egvekinot,RU,10/19/22 21:45,66.3167,-179.1667,30.31,97,100,30.13
549,Aykhal,RU,10/19/22 21:45,66,111.5,18.72,88,100,9.1
550,Madang,PG,10/19/22 21:45,-5.2246,145.7966,78.37,85,99,4.79
551,Faanui,PF,10/19/22 21:45,-16.4833,-151.75,78.19,76,8,6.67
552,Fuerte Olimpo,PY,10/19/22 21:45,-21.0415,-57.8738,82.44,63,45,3.22
553,Myitkyina,MM,10/19/22 21:45,25.3833,97.4,66.15,91,0,2.26
554,Flin Flon,CA,10/19/22 21:45,54.7682,-101.865,57.04,51,20,4.61
555,Rakaia,NZ,10/19/22 21:45,-43.75,172.0167,59.23,62,75,6.71
556,Gwanda,ZW,10/19/22 21:45,-20.9333,29,66.24,45,8,10.4
557,Yerofey Pavlovich,RU,10/19/22 21:45,53.9667,121.9667,26.65,87,13,3.15
558,Sabang,ID,10/19/22 21:45,5.8933,95.3214,80.89,78,100,24.81
559,Stornoway,GB,10/19/22 21:46,58.2093,-6.3865,47.93,87,71,4
560,Volchikha,RU,10/19/22 21:46,52.0333,80.3833,44.46,40,100,11.03
561,Ambon,ID,10/19/22 21:46,-3.6954,128.1814,75.34,94,20,8.05
562,Trinidad,BO,10/19/22 21:46,-14.8333,-64.9,91.38,58,20,6.91